date,article_number,quantity
2022-08-08,369,32
2022-07-18,152,16
2022-06-13,403,80
2022-03-29,239,64
2022-06-24,305,16
2022-08-12,450,20
2022-03-14,490,32
2022-08-12,13,16
2022-02-25,409,32
2022-06-13,304,16
2022-04-11,165,48
2022-04-19,295,48
2022-06-07,405,96
2022-06-27,411,32
2022-06-20,221,32
2022-08-15,391,16
2022-06-27,239,64
2022-06-07,137,64
2022-05-02,132,16
2022-06-13,40,16
2022-06-13,258,8
2022-06-27,325,1
2022-07-04,447,16
2022-05-09,124,16
2022-05-27,486,20
2022-03-17,98,16
2022-06-13,277,48
2022-06-27,207,16
2022-07-11,119,61
2022-05-27,223,27
2022-04-22,180,64
2022-06-10,249,16
2022-06-03,146,20
2022-08-08,297,32
2022-06-27,224,64
2022-08-08,279,64
2022-06-27,279,64
2022-04-11,403,64
2022-08-01,49,64
2022-07-04,278,64
2022-08-12,245,16
2022-06-20,470,16
2022-06-17,139,48
2022-06-24,429,32
2022-06-24,159,16
2022-05-23,78,16
2022-06-24,5,16
2022-04-22,212,96
2022-06-27,490,64
2022-05-27,94,16
2022-06-27,431,96
2022-06-07,156,16
2022-05-30,278,28
2022-06-03,9,16
2022-03-03,380,64
2022-06-27,157,16
2022-06-13,137,64
2022-05-02,281,1
2022-06-24,22,32
2022-04-25,414,16
2022-05-16,152,16
2022-06-20,260,128
2022-03-14,136,32
2022-05-20,170,32
2022-07-01,416,96
2022-07-08,254,20
2022-07-25,137,64
2022-07-11,253,32
2022-06-20,87,16
2022-06-27,431,96
2022-04-08,180,64
2022-06-13,221,64
2022-06-20,202,16
2022-04-25,411,80
2022-07-08,169,16
2022-05-30,343,24
2022-05-16,463,24
2022-04-29,38,32
2022-06-10,476,112
2022-04-15,162,64
2022-06-13,49,80
2022-04-15,149,32
2022-07-11,278,64
2022-05-13,234,32
2022-05-30,59,48
2022-06-20,105,32
2022-06-10,443,20
2022-07-18,145,16
2022-06-27,397,16
2022-04-22,438,16
2022-03-14,438,64
2022-06-20,394,16
2022-08-15,394,16
2022-07-15,171,20
2022-03-28,458,97
2022-07-04,10,16
2022-06-27,433,32
2022-08-05,34,60
2022-05-30,177,16
2022-07-11,330,16
2022-07-01,349,40
2022-07-11,307,16
2022-08-15,39,16
2022-05-06,98,16
2022-03-14,300,64
2022-06-24,376,16
2022-05-13,364,128
2022-06-24,98,16
2022-07-11,336,32
2022-02-17,52,31
2022-08-15,3,56
2022-06-07,61,32
2022-03-09,246,96
2022-07-01,98,16
2022-05-23,150,16
2022-04-01,398,64
2022-03-14,445,16
2022-03-07,284,16
2022-03-28,77,16
2022-05-13,129,32
2022-02-23,487,32
2022-05-02,345,64
2022-07-18,156,16
2022-05-30,475,80
2022-08-15,434,32
2022-05-13,98,16
2022-03-03,437,192
2022-05-09,141,64
2022-06-27,365,1
2022-07-18,137,96
2022-06-17,450,20
2022-04-08,122,16
2022-07-15,351,20
2022-06-27,96,16
2022-08-08,411,64
2022-04-15,255,16
2022-07-11,358,32
2022-05-27,98,16
2022-08-15,411,96
2022-05-20,387,32
2022-05-09,478,8
2022-06-24,401,16
2022-06-20,51,16
2022-04-01,256,16
2022-08-08,313,16
2022-02-21,339,112
2022-07-08,272,32
2022-03-28,33,32
2022-05-30,219,16
2022-06-24,198,32
2022-07-04,244,8
2022-05-30,59,32
2022-04-19,73,1
2022-07-01,180,32
2022-06-13,274,16
2022-02-16,121,32
2022-05-27,401,48
2022-05-30,478,8
2022-06-24,442,20
2022-06-27,278,80
2022-05-06,98,16
2022-05-16,65,64
2022-06-24,161,20
2022-06-20,295,96
2022-06-07,119,16
2022-06-27,143,64
2022-04-04,62,8
2022-06-17,252,64
2022-07-11,299,16
2022-08-15,411,16
2022-05-09,306,8
2022-06-20,405,128
2022-08-15,415,16
2022-06-27,394,16
2022-08-12,269,16
2022-04-04,300,48
2022-07-18,324,16
2022-07-01,364,64
2022-04-04,308,32
2022-05-13,98,16
2022-06-24,288,16
2022-06-24,34,60
2022-03-07,205,24
2022-06-07,275,1
2022-08-08,391,32
2022-04-25,472,16
2022-06-17,314,16
2022-04-11,124,32
2022-06-13,336,32
2022-03-03,212,64
2022-07-18,433,32
2022-05-30,154,1
2022-03-21,463,32
2022-06-20,382,16
2022-05-23,447,16
2022-06-27,104,32
2022-07-01,133,48
2022-07-04,173,32
2022-06-10,9,16
2022-03-21,176,48
2022-06-17,429,32
2022-04-08,212,96
2022-06-13,192,16
2022-06-24,329,16
2022-07-01,436,40
2022-05-27,451,20
2022-03-21,49,48
2022-05-06,209,64
2022-03-14,483,16
2022-08-15,42,8
2022-06-03,233,80
2022-08-12,476,96
2022-05-02,277,64
2022-05-06,350,16
2022-07-04,447,32
2022-08-15,292,16
2022-05-27,80,20
2022-08-12,311,32
2022-04-20,193,128
2022-05-27,306,8
2022-03-07,421,64
2022-05-06,223,32
2022-04-22,45,64
2022-05-27,476,16
2022-07-11,231,32
2022-02-24,194,48
2022-03-07,265,80
2022-07-29,370,20
2022-03-14,240,16
2022-07-01,269,32
2022-07-11,116,16
2022-06-07,375,32
2022-06-20,141,16
2022-05-16,465,48
2022-03-24,98,16
2022-07-04,487,16
2022-07-11,231,48
2022-06-27,48,8
2022-08-15,193,48
2022-05-23,228,64
2022-07-11,7,16
2022-06-17,318,20
2022-04-04,393,32
2022-05-23,145,16
2022-07-18,39,16
2022-06-17,468,32
2022-03-24,98,16
2022-07-04,202,16
2022-06-27,31,1
2022-07-29,448,40
2022-02-23,98,32
2022-04-01,326,32
2022-06-13,137,112
2022-08-01,431,96
2022-06-13,164,16
2022-06-13,221,64
2022-05-13,45,64
2022-06-17,153,40
2022-04-01,103,32
2022-08-12,133,16
2022-03-14,463,96
2022-05-30,341,16
2022-07-18,356,16
2022-07-04,65,48
2022-07-08,350,16
2022-05-27,355,16
2022-03-17,98,16
2022-03-18,317,16
2022-07-01,343,128
2022-08-12,68,16
2022-06-13,279,32
2022-04-19,406,32
2022-05-27,5,16
2022-03-11,126,32
2022-04-22,342,78
2022-08-15,260,32
2022-05-09,91,64
2022-06-17,339,80
2022-07-01,98,14
2022-05-13,98,16
2022-04-25,414,16
2022-07-11,202,16
2022-04-19,41,32
2022-05-06,186,64
2022-06-03,429,16
2022-02-22,429,96
2022-06-27,417,64
2022-04-08,29,64
2022-06-27,177,16
2022-03-07,421,16
2022-06-10,384,20
2022-05-27,267,16
2022-06-27,389,16
2022-03-03,220,16
2022-08-15,49,64
2022-03-21,66,16
2022-07-04,470,16
2022-04-04,117,32
2022-06-03,424,20
2022-04-08,186,32
2022-06-20,417,64
2022-07-18,389,16
2022-08-15,188,16
2022-05-27,169,32
2022-06-20,1,16
2022-04-19,253,64
2022-05-27,186,16
2022-02-28,383,32
2022-06-20,484,16
2022-06-20,274,16
2022-04-04,166,32
2022-05-23,316,32
2022-06-27,372,16
2022-06-27,77,32
2022-06-10,161,20
2022-04-19,394,128
2022-05-09,388,16
2022-07-04,89,16
2022-06-27,144,64
2022-03-28,105,32
2022-06-13,221,48
2022-06-17,387,16
2022-06-17,489,24
2022-05-06,269,32
2022-04-11,112,48
2022-08-12,379,32
2022-08-15,166,16
2022-06-24,476,128
2022-07-18,472,16
2022-06-24,468,32
2022-06-27,243,1
2022-03-14,401,64
2022-04-08,100,32
2022-06-03,193,64
2022-06-20,345,64
2022-05-23,136,16
2022-06-27,239,32
2022-03-21,158,16
2022-06-13,375,16
2022-04-11,141,80
2022-02-22,98,32
2022-05-27,171,60
2022-05-02,394,16
2022-05-27,350,16
2022-03-14,65,112
2022-06-24,321,40
2022-08-15,447,32
2022-07-08,109,20
2022-04-20,313,16
2022-06-27,262,32
2022-08-05,448,60
2022-04-11,81,80
2022-08-05,233,80
2022-04-25,207,32
2022-08-05,55,40
2022-05-16,114,16
2022-08-15,65,48
2022-06-27,279,64
2022-04-04,487,32
2022-08-12,186,48
2022-08-15,374,16
2022-03-17,98,16
2022-07-11,260,128
2022-05-23,79,64
2022-07-22,215,20
2022-05-13,98,16
2022-06-20,81,16
2022-05-16,274,32
2022-05-02,40,96
2022-05-23,59,64
2022-06-07,298,95
2022-04-22,29,64
2022-02-25,53,48
2022-07-15,474,20
2022-04-01,353,16
2022-05-27,467,60
2022-07-08,252,48
2022-06-07,62,80
2022-06-03,321,80
2022-06-27,260,128
2022-06-03,339,80
2022-05-06,133,32
2022-06-10,424,20
2022-05-13,98,16
2022-06-27,77,32
2022-06-03,438,16
2022-05-27,98,16
2022-05-30,39,16
2022-03-14,145,64
2022-06-17,456,16
2022-06-10,162,32
2022-06-13,207,32
2022-06-20,120,16
2022-04-15,338,16
2022-06-03,153,61
2022-05-16,270,48
2022-04-20,313,16
2022-03-14,117,32
2022-03-14,228,96
2022-06-13,120,16
2022-05-30,240,16
2022-05-30,253,16
2022-04-08,420,32
2022-04-11,152,48
2022-06-27,221,32
2022-07-18,64,16
2022-04-25,49,160
2022-08-15,250,8
2022-03-17,350,16
2022-07-04,356,16
2022-06-27,286,1
2022-04-22,468,64
2022-03-21,305,32
2022-06-24,233,80
2022-07-01,362,16
2022-07-11,231,32
2022-07-11,358,32
2022-06-03,351,21
2022-06-20,490,16
2022-07-29,146,20
2022-03-25,98,8
2022-02-25,382,56
2022-08-12,130,16
2022-03-14,105,32
2022-07-25,61,48
2022-07-01,98,16
2022-04-11,316,32
2022-08-08,91,64
2022-08-15,421,48
2022-04-19,65,64
2022-07-08,98,16
2022-06-24,209,16
2022-04-08,378,16
2022-07-11,283,32
2022-06-03,443,20
2022-04-20,345,32
2022-02-16,241,48
2022-05-27,398,128
2022-03-23,91,16
2022-02-21,18,176
2022-07-08,139,16
2022-08-15,143,16
2022-07-08,57,32
2022-07-04,152,16
2022-04-04,345,112
2022-04-25,414,32
2022-07-25,33,32
2022-06-24,98,16
2022-05-30,155,1
2022-07-04,136,16
2022-06-03,215,60
2022-04-11,64,48
2022-07-01,268,32
2022-08-12,113,32
2022-03-14,331,32
2022-06-24,327,20
2022-05-20,15,32
2022-07-04,35,94
2022-06-27,369,16
2022-03-07,421,64
2022-07-04,70,16
2022-07-01,247,48
2022-04-04,185,32
2022-07-22,34,60
2022-06-20,64,16
2022-05-09,368,32
2022-06-07,176,128
2022-08-15,89,48
2022-05-16,437,96
2022-05-23,278,128
2022-04-11,354,112
2022-02-23,326,32
2022-04-19,147,16
2022-06-13,410,16
2022-07-11,396,32
2022-03-21,489,32
2022-08-15,419,128
2022-03-07,143,32
2022-08-15,2,1
2022-05-30,83,32
2022-05-02,278,96
2022-07-18,91,64
2022-05-09,278,128
2022-07-18,136,16
2022-05-13,98,16
2022-04-22,405,48
2022-08-15,324,16
2022-04-25,226,48
2022-06-10,191,16
2022-07-25,431,96
2022-06-27,185,48
2022-07-01,9,16
2022-05-09,458,64
2022-06-13,431,128
2022-03-28,108,32
2022-07-25,59,96
2022-06-13,173,64
2022-04-19,216,1
2022-04-20,300,64
2022-06-20,375,32
2022-05-06,380,64
2022-06-27,404,64
2022-06-20,101,16
2022-04-11,116,32
2022-05-16,145,96
2022-05-02,480,1
2022-05-20,438,32
2022-06-07,375,32
2022-05-02,160,32
2022-04-08,86,32
2022-08-15,202,32
2022-05-13,180,96
2022-07-04,242,8
2022-03-28,170,32
2022-03-07,208,16
2022-08-15,89,128
2022-06-07,457,1
2022-05-30,145,16
2022-06-27,59,64
2022-05-16,253,64
2022-06-13,352,16
2022-06-13,433,16
2022-07-11,335,16
2022-05-09,274,16
2022-03-07,432,64
2022-06-13,465,16
2022-05-16,307,16
2022-04-19,62,88
2022-02-21,277,192
2022-06-10,373,32
2022-03-07,421,64
2022-05-30,433,32
2022-05-09,91,64
2022-06-27,62,112
2022-05-20,483,16
2022-07-01,379,32
2022-07-04,287,64
2022-06-10,364,112
2022-05-30,41,12
2022-05-09,40,80
2022-06-10,338,16
2022-05-09,89,64
2022-08-12,355,16
2022-06-10,311,32
2022-03-07,110,48
2022-07-08,350,16
2022-06-27,144,64
2022-06-27,304,16
2022-08-12,111,20
2022-03-24,98,16
2022-06-27,317,16
2022-07-01,48,16
2022-05-02,143,32
2022-05-09,341,32
2022-05-23,462,48
2022-05-09,77,16
2022-04-01,113,32
2022-07-08,181,48
2022-07-01,153,40
2022-04-08,194,32
2022-06-27,188,32
2022-06-13,137,96
2022-05-27,350,16
2022-03-28,421,64
2022-08-01,7,16
2022-04-04,128,2
2022-04-15,342,96
2022-06-10,133,32
2022-05-09,389,16
2022-08-12,343,48
2022-05-16,411,128
2022-06-20,224,96
2022-02-23,311,96
2022-05-13,98,16
2022-07-25,46,32
2022-03-29,108,32
2022-06-20,440,16
2022-07-04,224,64
2022-05-27,378,16
2022-06-27,369,32
2022-06-07,465,16
2022-06-07,310,16
2022-05-30,465,16
2022-06-24,436,60
2022-04-01,269,32
2022-05-27,218,16
2022-06-17,321,100
2022-05-02,74,1
2022-03-07,489,32
2022-07-29,351,20
2022-04-11,470,48
2022-06-13,419,16
2022-07-04,112,30
2022-07-11,363,16
2022-06-07,239,32
2022-03-21,437,128
2022-04-08,186,64
2022-03-21,437,128
2022-05-06,199,48
2022-06-27,279,32
2022-03-07,102,64
2022-07-04,428,64
2022-06-07,64,16
2022-07-04,40,32
2022-04-22,20,64
2022-03-14,33,16
2022-06-20,483,16
2022-07-18,184,16
2022-04-15,66,16
2022-06-27,369,32
2022-05-23,40,16
2022-07-08,448,40
2022-05-09,35,48
2022-07-15,215,20
2022-07-11,41,32
2022-03-21,246,80
2022-05-27,478,8
2022-03-14,79,100
2022-05-06,422,32
2022-06-17,448,59
2022-05-30,346,16
2022-02-28,75,80
2022-06-07,148,16
2022-05-20,322,32
2022-05-06,6,64
2022-03-04,333,80
2022-07-04,307,16
2022-04-22,422,32
2022-07-18,91,48
2022-07-01,401,48
2022-08-12,326,16
2022-05-06,295,48
2022-02-16,409,29
2022-08-01,279,32
2022-08-15,79,16
2022-05-06,235,16
2022-05-30,316,15
2022-05-30,207,32
2022-06-17,6,80
2022-07-11,231,32
2022-05-23,403,64
2022-07-25,61,32
2022-05-30,105,32
2022-06-27,336,32
2022-05-16,177,32
2022-05-09,410,16
2022-04-11,447,48
2022-08-12,474,20
2022-04-25,278,128
2022-07-11,368,16
2022-06-27,219,16
2022-04-15,272,64
2022-02-22,21,48
2022-05-13,295,32
2022-06-10,199,16
2022-04-11,206,32
2022-08-15,126,32
2022-08-15,368,128
2022-07-01,162,32
2022-07-18,447,16
2022-02-24,297,112
2022-03-14,460,32
2022-07-01,443,20
2022-06-10,474,20
2022-04-29,405,32
2022-06-13,188,64
2022-07-01,476,112
2022-07-11,458,32
2022-06-17,350,16
2022-06-24,459,16
2022-08-05,451,20
2022-02-18,145,48
2022-06-20,228,20
2022-06-27,131,16
2022-05-23,141,16
2022-08-12,442,20
2022-06-20,259,32
2022-08-15,14,80
2022-05-16,166,32
2022-07-08,473,20
2022-05-30,476,48
2022-08-15,484,76
2022-07-11,274,16
2022-07-25,345,128
2022-03-03,86,16
2022-04-04,44,16
2022-05-20,98,16
2022-05-16,292,16
2022-07-01,86,32
2022-07-11,231,32
2022-06-10,370,20
2022-04-19,460,16
2022-07-01,329,32
2022-07-18,440,16
2022-06-20,173,48
2022-04-25,411,112
2022-05-27,50,16
2022-06-24,100,32
2022-03-10,98,16
2022-07-22,453,20
2022-06-10,113,16
2022-06-27,260,64
2022-06-13,85,16
2022-05-23,152,16
2022-08-05,486,20
2022-03-28,232,32
2022-03-14,308,32
2022-08-15,224,32
2022-06-20,119,16
2022-07-04,465,16
2022-05-16,30,32
2022-05-06,427,16
2022-07-04,141,16
2022-06-13,89,16
2022-06-10,349,59
2022-03-14,117,32
2022-08-12,223,16
2022-06-24,343,64
2022-05-27,113,32
2022-07-15,467,20
2022-05-30,274,16
2022-07-11,354,32
2022-08-15,352,16
2022-08-01,431,64
2022-08-15,231,32
2022-04-19,185,128
2022-08-12,398,32
2022-06-27,417,64
2022-06-10,351,39
2022-04-11,157,48
2022-05-30,49,128
2022-07-18,336,32
2022-04-22,295,32
2022-07-01,351,20
2022-06-17,398,48
2022-08-05,80,20
2022-07-11,25,16
2022-05-23,51,16
2022-07-29,349,40
2022-04-01,432,128
2022-04-01,409,32
2022-04-25,226,128
2022-02-24,297,80
2022-05-02,345,64
2022-04-22,489,32
2022-04-25,18,128
2022-05-23,475,96
2022-05-06,103,32
2022-05-23,397,32
2022-05-23,492,16
2022-08-01,372,64
2022-07-04,185,48
2022-04-20,313,16
2022-05-20,98,16
2022-07-11,304,16
2022-07-25,137,96
2022-06-13,119,16
2022-05-16,411,32
2022-05-16,404,164
2022-03-07,422,24
2022-08-12,255,16
2022-04-08,357,32
2022-04-11,492,32
2022-07-18,105,32
2022-05-30,259,16
2022-06-17,215,40
2022-05-23,3,16
2022-06-27,61,32
2022-02-18,378,24
2022-06-17,327,99
2022-08-15,487,16
2022-07-29,233,40
2022-03-21,113,64
2022-03-14,331,16
2022-05-30,336,32
2022-06-10,181,16
2022-04-15,158,16
2022-06-07,440,16
2022-07-04,224,32
2022-08-15,411,64
2022-07-18,239,16
2022-06-27,65,64
2022-08-08,279,64
2022-06-24,334,16
2022-02-21,322,16
2022-02-16,403,120
2022-07-04,72,16
2022-07-04,92,16
2022-04-25,393,32
2022-06-03,186,32
2022-03-14,308,32
2022-04-04,87,16
2022-06-13,253,32
2022-08-15,148,16
2022-07-25,193,48
2022-06-10,402,20
2022-04-15,234,32
2022-07-04,310,16
2022-06-20,261,16
2022-04-04,300,32
2022-07-22,161,20
2022-05-02,297,96
2022-06-07,36,16
2022-06-24,69,20
2022-06-20,152,16
2022-05-06,311,32
2022-07-11,470,64
2022-06-03,377,16
2022-07-04,148,16
2022-05-16,165,16
2022-07-18,465,16
2022-07-18,279,32
2022-06-07,106,16
2022-04-08,45,64
2022-04-04,10,8
2022-03-21,168,96
2022-02-28,168,16
2022-06-17,255,28
2022-05-13,139,96
2022-02-21,339,152
2022-06-17,432,16
2022-08-15,331,16
2022-04-08,21,16
2022-07-01,69,40
2022-06-24,432,16
2022-06-10,258,8
2022-07-04,297,96
2022-06-20,185,80
2022-07-04,62,48
2022-06-07,114,16
2022-03-28,361,32
2022-07-01,464,48
2022-04-25,463,96
2022-03-21,246,60
2022-05-16,174,16
2022-05-30,64,16
2022-06-27,49,128
2022-03-14,169,32
2022-04-11,114,32
2022-05-23,91,16
2022-07-18,46,48
2022-04-15,170,64
2022-07-04,287,16
2022-04-04,92,32
2022-05-09,309,64
2022-06-24,134,20
2022-07-25,107,16
2022-08-15,449,8
2022-08-15,324,16
2022-07-11,3,16
2022-05-16,202,32
2022-03-28,77,16
2022-06-03,134,40
2022-03-10,98,16
2022-06-10,436,100
2022-03-28,269,32
2022-07-18,492,16
2022-06-27,330,16
2022-07-18,59,96
2022-06-27,239,64
2022-08-15,184,16
2022-07-01,402,20
2022-05-09,390,32
2022-06-24,98,16
2022-06-20,137,64
2022-04-08,494,16
2022-05-27,175,16
2022-02-28,114,34
2022-05-02,63,32
2022-05-06,350,16
2022-06-17,351,20
2022-03-11,305,32
2022-08-12,385,16
2022-05-30,101,16
2022-06-07,7,16
2022-06-27,127,16
2022-08-12,380,16
2022-07-22,486,20
2022-04-04,41,32
2022-05-09,417,64
2022-07-08,453,20
2022-05-16,112,16
2022-06-24,180,48
2022-05-09,36,16
2022-03-28,279,64
2022-08-15,369,32
2022-08-05,321,40
2022-04-08,45,32
2022-04-25,414,16
2022-03-11,63,64
2022-06-07,137,48
2022-06-20,114,16
2022-06-03,272,16
2022-05-23,290,16
2022-04-29,230,16
2022-07-11,337,32
2022-04-08,247,16
2022-07-04,206,16
2022-05-13,29,64
2022-05-16,119,48
2022-06-20,79,32
2022-03-21,241,32
2022-03-10,350,16
2022-06-27,164,16
2022-07-01,422,32
2022-04-01,149,48
2022-05-13,256,16
2022-06-27,433,32
2022-02-21,364,48
2022-03-28,421,32
2022-08-15,200,13
2022-07-08,395,20
2022-04-25,414,32
2022-05-27,453,20
2022-04-04,308,16
2022-08-12,205,16
2022-05-27,69,40
2022-04-22,314,32
2022-08-15,372,32
2022-03-07,205,32
2022-06-03,291,16
2022-05-09,335,32
2022-05-16,164,32
2022-05-30,9,8
2022-05-09,157,32
2022-03-21,267,16
2022-06-17,9,16
2022-05-27,416,24
2022-06-07,206,16
2022-07-01,130,32
2022-05-30,410,16
2022-06-07,431,96
2022-03-21,180,64
2022-07-01,378,32
2022-07-08,305,16
2022-05-16,389,16
2022-06-24,113,16
2022-03-25,213,32
2022-05-27,252,48
2022-04-22,186,96
2022-06-27,287,32
2022-04-29,353,16
2022-06-27,260,32
2022-07-18,470,16
2022-05-09,61,48
2022-04-04,279,96
2022-04-08,323,16
2022-03-31,98,16
2022-06-24,21,16
2022-07-11,477,32
2022-07-25,61,32
2022-07-01,476,128
2022-06-20,389,16
2022-04-29,329,64
2022-06-27,59,64
2022-06-07,59,64
2022-05-16,3,32
2022-03-21,459,64
2022-03-21,246,96
2022-04-15,483,16
2022-05-27,162,15
2022-03-18,191,16
2022-06-27,137,96
2022-06-17,247,16
2022-04-19,259,40
2022-03-28,116,16
2022-07-04,315,45
2022-07-11,1,63
2022-03-02,35,80
2022-07-29,153,20
2022-07-08,409,32
2022-07-04,131,16
2022-07-29,69,40
2022-06-24,438,32
2022-08-12,339,32
2022-08-05,327,20
2022-07-08,337,16
2022-06-20,59,64
2022-06-10,268,32
2022-05-30,25,16
2022-03-28,277,64
2022-04-25,49,144
2022-07-11,358,32
2022-05-13,149,32
2022-07-22,448,60
2022-02-18,270,26
2022-03-07,117,32
2022-08-01,391,48
2022-03-03,455,32
2022-04-08,45,64
2022-06-20,430,16
2022-05-02,449,1
2022-04-19,388,32
2022-04-20,193,64
2022-06-17,378,16
2022-07-22,55,40
2022-06-17,86,16
2022-05-27,350,16
2022-06-24,29,32
2022-06-07,348,32
2022-04-15,377,16
2022-03-28,400,32
2022-07-08,6,64
2022-06-03,99,60
2022-03-14,228,176
2022-06-10,407,20
2022-07-25,188,128
2022-07-15,402,20
2022-07-04,481,48
2022-03-07,87,16
2022-05-13,98,16
2022-05-02,297,48
2022-03-14,428,96
2022-04-22,133,32
2022-05-16,260,160
2022-04-11,119,64
2022-03-28,77,16
2022-07-18,331,32
2022-08-15,226,32
2022-07-25,207,16
2022-03-28,416,8
2022-05-06,62,64
2022-07-22,233,60
2022-05-23,114,16
2022-06-10,111,40
2022-07-08,350,16
2022-06-20,408,16
2022-03-28,277,32
2022-06-13,330,16
2022-07-11,389,16
2022-08-15,410,15
2022-07-01,187,14
2022-05-16,131,96
2022-08-05,153,20
2022-05-09,219,16
2022-07-01,420,32
2022-05-09,362,8
2022-07-11,145,48
2022-06-17,442,20
2022-05-23,221,136
2022-06-13,227,16
2022-07-18,141,16
2022-07-18,239,16
2022-06-27,368,16
2022-06-24,52,16
2022-04-08,272,64
2022-07-01,191,16
2022-04-15,339,64
2022-05-30,430,16
2022-03-28,483,16
2022-04-08,198,32
2022-06-17,170,9
2022-03-28,104,32
2022-06-13,143,16
2022-07-01,98,16
2022-03-28,431,128
2022-08-15,440,48
2022-05-16,64,32
2022-05-27,235,16
2022-06-24,73,20
2022-05-16,105,112
2022-05-13,247,16
2022-06-20,492,16
2022-06-27,396,27
2022-05-30,482,16
2022-08-01,391,32
2022-05-06,489,32
2022-07-01,55,20
2022-06-27,372,64
2022-05-30,222,16
2022-07-08,134,20
2022-03-14,117,16
2022-05-02,330,16
2022-06-13,177,16
2022-03-04,437,294
2022-02-28,158,16
2022-05-27,318,20
2022-04-22,6,64
2022-07-08,464,48
2022-03-28,61,32
2022-05-23,156,16
2022-05-23,437,96
2022-04-11,440,96
2022-06-20,230,16
2022-04-01,223,32
2022-06-24,245,16
2022-05-06,405,32
2022-08-15,310,16
2022-07-04,274,16
2022-08-15,49,64
2022-03-28,333,80
2022-06-10,343,112
2022-05-09,101,16
2022-08-15,354,16
2022-06-27,299,16
2022-07-11,231,32
2022-08-15,224,16
2022-02-25,404,16
2022-05-30,360,16
2022-08-12,252,32
2022-06-24,256,16
2022-05-27,350,16
2022-03-21,246,64
2022-06-20,253,16
2022-07-04,265,80
2022-08-05,467,20
2022-03-01,458,14
2022-04-04,388,32
2022-06-13,415,16
2022-07-08,432,32
2022-07-11,440,16
2022-05-23,490,16
2022-06-17,453,20
2022-08-01,143,32
2022-03-28,255,32
2022-07-22,473,20
2022-06-10,478,32
2022-07-01,205,16
2022-07-08,45,32
2022-06-20,240,16
2022-03-14,180,96
2022-02-25,336,96
2022-05-30,310,16
2022-03-24,350,16
2022-08-12,436,60
2022-06-07,141,16
2022-03-29,61,64
2022-04-29,255,32
2022-07-29,161,20
2022-07-25,260,64
2022-06-27,24,32
2022-06-27,390,16
2022-03-07,421,64
2022-05-23,458,64
2022-08-08,375,64
2022-05-09,25,16
2022-04-08,198,64
2022-06-24,98,16
2022-05-30,141,16
2022-06-20,131,16
2022-07-04,178,8
2022-07-25,172,32
2022-03-28,133,32
2022-05-06,377,32
2022-06-13,375,32
2022-04-04,229,1
2022-03-25,228,128
2022-05-09,116,16
2022-06-13,287,32
2022-06-03,473,20
2022-03-14,437,128
2022-05-16,415,32
2022-06-13,64,16
2022-07-01,343,16
2022-05-02,244,1
2022-06-24,68,32
2022-06-03,161,20
2022-07-01,255,32
2022-06-07,259,16
2022-07-08,322,48
2022-06-17,326,16
2022-06-27,375,64
2022-06-10,254,20
2022-06-24,409,16
2022-07-08,401,32
2022-07-25,61,32
2022-07-29,321,80
2022-06-03,287,32
2022-06-13,316,32
2022-06-17,435,32
2022-03-21,432,128
2022-06-17,69,40
2022-06-13,289,15
2022-06-27,369,32
2022-05-09,431,96
2022-06-13,79,96
2022-04-01,377,64
2022-06-13,83,16
2022-05-09,164,16
2022-03-09,428,96
2022-06-03,432,16
2022-06-27,143,16
2022-06-17,362,32
2022-04-08,298,32
2022-07-08,350,16
2022-04-19,39,16
2022-06-13,202,16
2022-08-12,134,20
2022-07-18,59,64
2022-08-15,396,80
2022-03-14,297,32
2022-07-15,69,40
2022-04-25,382,32
2022-07-18,219,16
2022-06-20,92,16
2022-03-28,438,32
2022-05-02,302,1
2022-05-30,262,16
2022-08-08,287,32
2022-06-17,186,64
2022-06-27,405,80
2022-05-16,237,80
2022-04-29,232,16
2022-04-08,198,64
2022-06-27,173,80
2022-06-17,402,20
2022-07-29,34,40
2022-07-04,302,8
2022-06-24,347,16
2022-03-28,421,96
2022-06-24,272,64
2022-06-07,279,64
2022-03-17,421,64
2022-06-17,68,16
2022-05-09,270,48
2022-06-10,272,48
2022-08-15,375,48
2022-06-20,72,16
2022-03-14,447,64
2022-02-28,66,32
2022-05-06,429,48
2022-06-24,170,32
2022-05-09,379,8
2022-03-21,49,192
2022-08-12,347,16
2022-02-23,103,32
2022-04-04,405,8
2022-05-06,438,32
2022-06-10,73,20
2022-03-07,143,16
2022-05-30,81,16
2022-08-15,463,48
2022-03-11,126,32
2022-05-30,335,16
2022-08-15,300,32
2022-08-15,188,32
2022-07-04,182,48
2022-07-25,137,128
2022-06-10,180,16
2022-06-10,235,16
2022-07-04,230,16
2022-06-27,239,48
2022-06-20,177,16
2022-04-04,415,16
2022-08-12,328,16
2022-03-21,437,64
2022-06-07,447,16
2022-08-01,324,32
2022-04-19,344,1
2022-06-20,165,16
2022-05-20,199,32
2022-04-19,312,1
2022-04-15,386,16
2022-07-04,257,8
2022-06-03,442,20
2022-08-01,37,20
2022-06-27,431,96
2022-04-29,68,32
2022-05-16,116,16
2022-04-19,161,2
2022-07-01,214,32
2022-06-13,397,16
2022-08-01,431,48
2022-06-27,361,16
2022-03-21,300,32
2022-04-01,199,64
2022-04-22,129,32
2022-03-07,427,32
2022-06-03,29,16
2022-06-24,387,16
2022-06-24,223,32
2022-02-18,148,16
2022-03-14,79,144
2022-08-15,224,64
2022-04-01,284,16
2022-05-16,352,16
2022-08-15,406,16
2022-04-29,125,16
2022-06-03,450,40
2022-03-14,246,112
2022-06-27,475,32
2022-06-17,34,80
2022-08-12,162,48
2022-07-01,334,16
2022-04-19,278,128
2022-07-22,451,20
2022-06-07,107,16
2022-08-15,287,32
2022-05-23,119,16
2022-04-25,120,64
2022-03-14,468,64
2022-05-27,159,32
2022-07-04,253,32
2022-06-27,172,32
2022-03-21,415,16
2022-04-04,120,64
2022-07-11,145,16
2022-03-14,159,48
2022-08-12,256,16
2022-03-28,463,16
2022-06-03,349,81
2022-06-13,287,32
2022-02-18,437,26
2022-07-29,450,20
2022-04-25,403,64
2022-04-01,255,32
2022-05-09,414,16
2022-03-28,421,32
2022-07-04,251,48
2022-07-01,113,32
2022-04-19,271,1
2022-04-25,463,96
2022-05-27,314,32
2022-06-24,215,20
2022-03-03,380,64
2022-04-19,278,32
2022-02-16,347,56
2022-04-01,94,16
2022-07-11,430,16
2022-04-19,217,1
2022-06-13,157,16
2022-08-01,297,64
2022-05-09,81,48
2022-07-08,129,3
2022-06-27,369,32
2022-08-15,403,32
2022-02-25,435,24
2022-05-09,14,16
2022-07-11,337,32
2022-06-27,202,16
2022-06-27,25,16
2022-06-07,51,16
2022-05-02,434,32
2022-03-28,185,96
2022-07-01,252,64
2022-04-22,52,32
2022-06-27,356,16
2022-06-17,385,32
2022-03-07,35,80
2022-05-09,414,16
2022-08-12,272,32
2022-03-29,61,64
2022-04-15,142,32
2022-04-08,186,32
2022-06-17,400,48
2022-06-27,79,64
2022-06-10,398,32
2022-06-27,277,64
2022-08-12,248,20
2022-06-03,448,128
2022-05-30,79,48
2022-06-27,141,16
2022-08-15,301,1
2022-05-13,405,32
2022-04-01,386,16
2022-06-13,141,16
2022-05-23,206,16
2022-05-30,126,16
2022-08-15,460,16
2022-08-01,287,32
2022-04-29,113,64
2022-06-07,278,64
2022-06-17,350,16
2022-05-27,379,8
2022-07-25,61,64
2022-07-15,384,20
2022-03-25,290,16
2022-07-18,279,64
2022-06-13,404,128
2022-07-04,105,32
2022-06-27,369,32
2022-07-29,215,40
2022-05-27,103,27
2022-07-22,349,20
2022-03-17,98,16
2022-06-13,47,13
2022-06-03,254,20
2022-03-14,481,64
2022-06-17,199,64
2022-04-11,390,48
2022-07-11,404,48
2022-06-20,279,96
2022-03-21,319,32
2022-03-28,353,32
2022-04-01,429,64
2022-07-01,339,48
2022-07-01,233,40
2022-08-08,91,64
2022-04-11,484,32
2022-03-02,265,80
2022-03-25,228,96
2022-08-12,161,20
2022-04-22,398,64
2022-08-08,87,16
2022-03-21,238,16
2022-03-21,428,64
2022-07-18,206,16
2022-04-08,212,96
2022-07-08,209,32
2022-04-08,129,32
2022-06-27,292,16
2022-05-23,41,64
2022-06-24,476,112
2022-05-09,292,16
2022-03-29,33,32
2022-04-11,419,32
2022-06-03,448,13
2022-06-17,384,20
2022-05-23,164,16
2022-04-20,193,64
2022-06-07,309,16
2022-08-08,96,16
2022-06-20,428,32
2022-04-22,401,64
2022-07-11,304,64
2022-06-17,98,16
2022-04-25,405,64
2022-04-08,6,64
2022-05-09,251,48
2022-04-20,300,64
2022-06-10,153,39
2022-05-30,382,32
2022-05-23,465,16
2022-05-16,303,32
2022-02-22,79,60
2022-08-12,443,20
2022-08-12,249,16
2022-07-04,382,32
2022-08-12,45,32
2022-06-20,388,16
2022-08-15,280,16
2022-05-06,339,64
2022-05-16,95,16
2022-03-28,362,8
2022-05-09,91,96
2022-03-03,245,32
2022-06-27,143,32
2022-05-30,285,1
2022-07-01,248,20
2022-08-15,143,32
2022-06-24,464,48
2022-02-16,459,96
2022-06-20,62,80
2022-06-24,452,16
2022-08-05,453,20
2022-05-09,261,32
2022-06-27,331,32
2022-06-27,124,16
2022-07-01,6,32
2022-06-10,269,16
2022-05-09,117,32
2022-03-07,313,32
2022-04-11,336,176
2022-07-08,183,40
2022-07-08,416,32
2022-05-30,390,16
2022-05-20,103,32
2022-07-18,207,40
2022-05-09,224,128
2022-06-13,156,16
2022-04-08,160,32
2022-05-30,59,32
2022-03-03,456,32
2022-08-12,416,32
2022-05-02,415,32
2022-06-27,116,16
2022-06-27,372,32
2022-05-27,474,40
2022-03-14,256,16
2022-07-08,161,20
2022-06-10,339,48
2022-06-17,103,32
2022-08-12,377,16
2022-07-04,41,32
2022-06-07,137,64
2022-08-12,21,16
2022-08-15,446,8
2022-05-20,100,32
2022-08-15,40,16
2022-06-24,20,15
2022-05-16,36,32
2022-04-20,331,16
2022-03-14,63,32
2022-07-25,260,128
2022-06-20,304,16
2022-04-19,393,32
2022-07-29,327,60
2022-08-01,49,96
2022-06-27,81,16
2022-06-20,368,16
2022-05-23,219,16
2022-07-22,134,20
2022-08-15,63,48
2022-07-18,193,64
2022-05-23,221,64
2022-08-15,260,32
2022-06-27,54,1
2022-07-01,494,16
2022-05-09,237,64
2022-04-19,405,56
2022-05-16,156,112
2022-07-04,304,16
2022-05-16,372,64
2022-05-09,394,32
2022-07-01,29,32
2022-04-11,299,48
2022-05-27,161,40
2022-04-04,397,32
2022-07-18,72,16
2022-03-07,83,32
2022-02-23,223,32
2022-05-16,49,112
2022-03-23,313,32
2022-06-07,137,64
2022-05-06,135,16
2022-05-20,223,32
2022-03-02,98,32
2022-02-23,68,64
2022-08-01,260,128
2022-02-23,40,32
2022-06-27,89,16
2022-04-01,380,64
2022-03-25,213,48
2022-06-07,348,32
2022-05-30,227,16
2022-02-24,160,96
2022-05-30,124,16
2022-07-25,431,64
2022-04-01,135,16
2022-06-27,259,64
2022-05-27,425,16
2022-05-23,59,128
2022-07-08,214,48
2022-03-28,125,16
2022-08-15,366,8
2022-06-13,287,32
2022-05-27,413,16
2022-07-25,221,64
2022-05-09,403,96
2022-08-15,79,128
2022-02-16,185,96
2022-05-23,394,32
2022-05-23,336,32
2022-06-13,294,8
2022-07-04,184,16
2022-07-29,134,20
2022-06-03,380,80
2022-06-27,33,32
2022-06-27,24,16
2022-05-27,86,16
2022-08-12,34,40
2022-03-09,437,128
2022-03-29,33,64
2022-04-25,463,32
2022-08-15,156,22
2022-06-07,239,48
2022-07-18,239,32
2022-05-20,489,32
2022-04-08,423,64
2022-05-06,68,32
2022-04-11,58,32
2022-02-18,36,64
2022-03-24,98,16
2022-04-29,400,32
2022-06-20,47,16
2022-02-28,176,48
2022-03-28,117,32
2022-05-20,98,16
2022-07-01,98,16
2022-03-21,304,80
2022-05-30,85,32
2022-08-08,331,16
2022-06-20,287,32
2022-08-08,345,64
2022-03-07,133,32
2022-05-30,475,64
2022-08-08,463,96
2022-06-03,343,80
2022-07-18,89,16
2022-05-30,260,176
2022-07-08,350,16
2022-05-27,241,16
2022-06-24,199,32
2022-08-08,300,48
2022-05-30,116,16
2022-07-08,9,16
2022-06-17,241,16
2022-08-08,96,64
2022-02-16,439,24
2022-02-23,311,32
2022-07-01,468,48
2022-06-17,343,128
2022-06-17,142,32
2022-04-04,117,32
2022-03-21,300,64
2022-03-03,377,64
2022-06-03,55,80
2022-07-11,358,32
2022-08-01,221,32
2022-07-29,171,20
2022-02-28,67,32
2022-06-10,139,24
2022-07-01,100,32
2022-05-16,356,128
2022-07-22,153,20
2022-08-12,139,32
2022-05-20,269,32
2022-07-08,34,40
2022-05-30,307,16
2022-07-18,87,16
2022-08-15,466,8
2022-08-12,334,16
2022-07-22,80,20
2022-03-21,180,96
2022-05-16,310,48
2022-03-25,228,128
2022-05-23,433,108
2022-07-11,341,16
2022-04-22,241,32
2022-03-25,104,23
2022-03-29,77,16
2022-07-01,97,64
2022-08-15,304,32
2022-07-25,61,16
2022-04-11,72,48
2022-03-21,300,48
2022-07-01,68,48
2022-04-25,397,32
2022-04-04,185,128
2022-03-03,15,32
2022-06-17,311,32
2022-05-27,234,26
2022-06-20,346,16
2022-05-27,494,15
2022-04-25,62,96
2022-04-11,430,80
2022-05-27,387,16
2022-08-08,7,16
2022-06-27,230,32
2022-07-11,63,16
2022-03-07,421,32
2022-03-07,50,32
2022-08-15,196,16
2022-03-14,260,32
2022-04-22,322,64
2022-06-17,125,16
2022-06-13,221,64
2022-06-07,444,2
2022-07-18,324,16
2022-06-20,136,16
2022-06-24,153,20
2022-03-07,421,64
2022-08-12,234,16
2022-05-30,59,48
2022-08-15,261,16
2022-05-20,98,16
2022-06-17,364,96
2022-08-12,349,40
2022-07-08,349,20
2022-03-14,428,64
2022-03-04,401,64
2022-06-13,166,48
2022-04-08,322,64
2022-07-01,380,48
2022-03-28,239,32
2022-08-15,483,16
2022-07-08,321,40
2022-07-25,375,32
2022-08-01,431,48
2022-06-17,350,14
2022-06-17,180,64
2022-06-20,41,48
2022-05-30,433,48
2022-02-16,13,56
2022-04-01,142,16
2022-06-27,417,128
2022-03-10,98,16
2022-03-14,308,32
2022-05-09,465,32
2022-08-15,372,48
2022-04-01,13,32
2022-05-27,343,16
2022-02-28,319,32
2022-06-17,254,20
2022-06-17,15,32
2022-07-11,358,32
2022-06-13,375,64
2022-05-09,196,32
2022-04-11,65,64
2022-05-30,280,32
2022-05-09,182,48
2022-04-11,219,48
2022-04-11,89,80
2022-03-28,187,32
2022-07-01,22,32
2022-04-11,131,96
2022-04-08,163,16
2022-04-11,261,16
2022-05-16,293,16
2022-05-30,309,16
2022-03-14,429,64
2022-05-09,145,64
2022-07-08,436,40
2022-08-15,164,69
2022-07-11,231,16
2022-07-25,61,32
2022-03-25,228,128
2022-07-22,69,20
2022-02-24,100,128
2022-04-19,482,64
2022-07-08,329,16
2022-07-04,81,16
2022-06-03,379,32
2022-04-04,297,64
2022-07-11,141,16
2022-03-28,92,16
2022-07-04,1,16
2022-08-15,281,8
2022-05-09,307,16
2022-07-01,111,20
2022-08-01,221,32
2022-07-11,299,61
2022-04-01,427,32
2022-06-07,144,32
2022-07-11,277,48
2022-06-24,380,32
2022-07-01,267,16
2022-05-02,246,96
2022-06-17,343,32
2022-06-24,451,20
2022-06-27,279,64
2022-04-19,349,1
2022-07-01,234,48
2022-05-02,194,32
2022-05-02,23,1
2022-07-08,373,32
2022-07-11,64,16
2022-03-21,437,52
2022-03-09,180,144
2022-07-01,305,16
2022-06-10,380,16
2022-06-24,98,16
2022-07-01,323,16
2022-08-15,307,32
2022-05-02,178,1
2022-06-24,98,16
2022-05-02,300,16
2022-05-06,314,32
2022-06-27,226,16
2022-06-27,36,16
2022-07-04,259,48
2022-05-18,251,112
2022-06-07,67,48
2022-04-08,22,64
2022-04-08,45,64
2022-06-20,277,32
2022-03-28,92,16
2022-04-22,305,32
2022-06-27,434,16
2022-05-23,131,16
2022-06-13,62,128
2022-06-17,401,32
2022-06-07,177,16
2022-07-08,486,20
2022-07-11,316,16
2022-04-15,176,48
2022-06-03,464,32
2022-05-09,440,96
2022-08-15,260,32
2022-02-28,67,32
2022-07-01,94,16
2022-05-27,272,16
2022-03-21,228,75
2022-06-17,272,64
2022-03-28,482,16
2022-06-03,287,32
2022-04-08,132,16
2022-08-15,74,8
2022-06-07,81,16
2022-06-27,10,48
2022-05-30,393,14
2022-05-27,254,20
2022-06-27,279,64
2022-05-02,42,1
2022-05-23,430,16
2022-07-29,28,20
2022-03-29,33,16
2022-04-01,401,64
2022-05-09,463,96
2022-03-21,3,48
2022-07-15,442,20
2022-06-13,63,16
2022-07-18,131,16
2022-07-04,59,48
2022-08-12,327,20
2022-05-16,309,96
2022-04-19,289,32
2022-04-11,270,48
2022-03-07,33,32
2022-04-19,351,1
2022-05-16,492,16
2022-07-18,172,32
2022-05-09,46,16
2022-07-11,16,16
2022-05-27,247,32
2022-05-30,89,16
2022-08-12,69,40
2022-06-17,212,128
2022-03-14,83,32
2022-05-30,304,16
2022-04-19,278,128
2022-05-23,238,16
2022-07-11,358,32
2022-06-13,16,16
2022-07-11,260,32
2022-06-17,269,32
2022-06-20,336,32
2022-05-23,185,96
2022-08-15,41,16
2022-04-15,269,32
2022-08-12,233,100
2022-08-15,336,80
2022-03-03,288,32
2022-06-27,32,3
2022-07-04,116,32
2022-08-15,92,16
2022-06-24,420,16
2022-05-30,260,96
2022-07-11,410,16
2022-06-27,295,64
2022-05-16,372,64
2022-05-16,107,16
2022-08-15,428,112
2022-06-07,299,16
2022-05-27,28,20
2022-03-23,313,32
2022-07-18,310,16
2022-08-12,99,60
2022-04-04,1,48
2022-03-14,494,16
2022-07-01,258,16
2022-04-15,139,96
2022-05-30,404,16
2022-06-22,172,64
2022-04-22,199,64
2022-06-13,389,16
2022-05-27,456,16
2022-06-13,185,80
2022-04-11,292,48
2022-08-12,214,16
2022-07-08,327,20
2022-08-15,341,45
2022-05-02,366,1
2022-07-18,202,16
2022-04-22,170,64
2022-07-04,114,16
2022-07-25,137,64
2022-05-20,339,96
2022-03-07,421,64
2022-05-27,362,20
2022-03-14,463,96
2022-08-12,20,16
2022-04-25,207,32
2022-05-23,304,16
2022-08-12,199,32
2022-05-30,292,16
2022-08-15,228,128
2022-06-27,137,64
2022-04-22,249,64
2022-04-11,368,64
2022-03-21,120,32
2022-04-08,45,64
2022-08-08,463,96
2022-05-02,340,1
2022-04-04,83,32
2022-07-11,105,32
2022-06-27,440,16
2022-05-20,62,64
2022-06-07,260,128
2022-03-21,468,64
2022-03-10,98,16
2022-05-16,44,16
2022-07-29,407,20
2022-04-22,62,96
2022-06-24,254,20
2022-04-08,209,48
2022-03-14,205,64
2022-06-27,361,32
2022-02-24,463,96
2022-07-08,162,32
2022-05-30,487,64
2022-05-27,97,20
2022-04-15,67,32
2022-04-08,342,80
2022-05-27,181,16
2022-06-13,226,32
2022-05-30,260,96
2022-05-09,382,32
2022-06-07,336,32
2022-07-04,36,16
2022-04-29,62,64
2022-06-27,465,16
2022-05-27,409,32
2022-05-20,68,32
2022-05-20,209,32
2022-06-10,442,40
2022-06-13,310,16
2022-06-20,83,32
2022-07-25,375,64
2022-02-28,182,48
2022-06-13,174,32
2022-05-09,361,48
2022-06-22,324,16
2022-06-17,130,16
2022-07-25,172,64
2022-08-12,149,16
2022-08-15,437,32
2022-08-08,313,16
2022-06-07,368,16
2022-05-30,389,16
2022-03-04,133,64
2022-07-22,321,40
2022-04-25,458,64
2022-06-27,126,16
2022-06-07,470,16
2022-07-01,183,20
2022-05-09,336,144
2022-04-19,461,1
2022-03-28,343,8
2022-04-20,300,96
2022-05-06,198,64
2022-06-10,420,8
2022-04-22,94,16
2022-05-02,303,32
2022-06-27,239,32
2022-03-07,383,32
2022-04-04,85,16
2022-06-13,144,16
2022-05-27,432,16
2022-05-23,368,16
2022-04-29,267,16
2022-06-27,3,16
2022-08-15,152,16
2022-05-27,427,48
2022-05-02,372,64
2022-06-13,221,32
2022-07-04,25,16
2022-07-11,270,16
2022-06-10,171,20
2022-05-23,289,48
2022-07-25,137,128
2022-04-01,82,64
2022-08-15,210,16
2022-07-08,235,16
2022-06-27,24,32
2022-03-21,82,48
2022-05-23,361,32
2022-03-28,398,64
2022-07-04,354,32
2022-06-13,292,16
2022-03-14,331,16
2022-06-10,97,80
2022-04-15,400,48
2022-06-24,377,16
2022-03-21,391,15
2022-07-11,131,16
2022-05-30,295,32
2022-02-16,98,32
2022-03-28,119,32
2022-07-01,429,32
2022-06-27,239,48
2022-06-03,61,32
2022-05-30,98,12
2022-06-20,40,32
2022-05-30,363,48
2022-04-15,380,64
2022-05-30,40,4
2022-05-13,86,32
2022-05-23,89,16
2022-05-16,188,32
2022-07-08,198,16
2022-07-04,405,80
2022-05-23,98,12
2022-08-15,145,48
2022-07-08,459,16
2022-05-23,81,16
2022-02-16,159,32
2022-04-04,454,24
2022-06-17,45,16
2022-06-10,401,48
2022-03-11,47,32
2022-07-11,283,16
2022-04-08,288,32
2022-07-25,345,32
2022-03-07,422,32
2022-05-27,133,32
2022-06-27,221,64
2022-08-15,260,48
2022-06-13,230,16
2022-06-20,431,96
2022-08-15,253,32
2022-03-10,98,16
2022-04-08,162,64
2022-07-22,183,20
2022-05-23,356,16
2022-03-17,98,16
2022-03-28,336,16
2022-05-06,22,64
2022-07-01,98,16
2022-07-18,430,16
2022-03-21,225,16
2022-04-11,164,48
2022-06-07,160,124
2022-03-10,98,16
2022-06-07,95,16
2022-06-17,181,96
2022-05-09,278,32
2022-08-15,102,16
2022-05-06,230,16
2022-04-29,142,16
2022-05-06,45,64
2022-04-15,50,16
2022-05-20,455,32
2022-07-08,450,20
2022-05-27,73,20
2022-03-07,339,64
2022-05-20,98,16
2022-06-10,68,16
2022-05-06,350,16
2022-08-12,129,16
2022-05-30,7,64
2022-03-21,487,32
2022-07-11,114,32
2022-05-23,440,16
2022-05-16,25,32
2022-05-30,76,16
2022-08-15,224,16
2022-07-04,336,32
2022-04-15,326,32
2022-06-13,346,16
2022-06-27,78,32
2022-04-11,352,48
2022-06-27,90,1
2022-07-08,233,60
2022-03-14,356,32
2022-07-11,79,48
2022-05-09,414,16
2022-06-07,274,16
2022-05-30,277,128
2022-06-27,431,64
2022-06-03,6,16
2022-04-29,378,32
2022-04-11,177,64
2022-04-04,481,48
2022-06-24,98,14
2022-06-27,228,64
2022-07-18,7,16
2022-07-08,339,32
2022-07-08,379,32
2022-03-14,175,16
2022-04-19,236,1
2022-08-05,254,20
2022-04-04,403,96
2022-07-11,177,16
2022-05-23,462,64
2022-06-10,57,32
2022-04-25,188,64
2022-06-07,295,32
2022-05-23,148,16
2022-03-03,376,16
2022-08-15,330,16
2022-04-04,278,128
2022-06-07,184,16
2022-06-27,145,16
2022-02-25,112,24
2022-06-24,234,16
2022-07-01,427,16
2022-08-08,193,16
2022-05-09,299,16
2022-07-04,434,16
2022-07-11,485,16
2022-04-19,246,64
2022-08-15,411,32
2022-04-25,295,48
2022-04-08,456,64
2022-07-25,431,64
2022-04-19,230,8
2022-04-11,360,16
2022-05-30,440,16
2022-07-25,91,48
2022-06-13,124,16
2022-06-07,43,1
2022-06-27,372,64
2022-05-06,439,16
2022-07-04,403,32
2022-05-09,119,32
2022-08-01,297,64
2022-05-27,350,16
2022-06-07,164,16
2022-03-01,98,32
2022-08-15,297,64
2022-04-19,405,48
2022-05-27,180,43
2022-07-11,151,32
2022-05-23,64,16
2022-06-13,393,16
2022-04-29,364,64
2022-07-08,343,48
2022-04-25,207,32
2022-08-08,92,48
2022-07-25,260,128
2022-02-23,103,32
2022-08-12,464,16
2022-06-10,130,64
2022-07-18,165,16
2022-07-11,119,16
2022-05-09,356,96
2022-07-08,55,40
2022-08-08,279,32
2022-05-30,174,12
2022-03-08,406,80
2022-06-27,431,64
2022-05-30,437,30
2022-02-22,394,32
2022-06-13,25,16
2022-07-18,239,32
2022-03-28,169,32
2022-04-29,452,16
2022-07-04,483,48
2022-04-04,1,32
2022-06-10,379,32
2022-04-04,300,48
2022-05-27,214,16
2022-05-20,241,32
2022-05-06,350,16
2022-03-14,437,128
2022-08-12,468,64
2022-06-13,440,16
2022-06-03,364,21
2022-05-02,320,1
2022-04-11,356,96
2022-06-24,212,48
2022-06-27,369,32
2022-04-11,202,48
2022-04-08,198,64
2022-06-07,375,32
2022-06-07,307,16
2022-06-07,137,64
2022-07-08,97,32
2022-06-07,357,48
2022-06-13,295,96
2022-07-18,484,16
2022-07-15,321,20
2022-06-20,65,32
2022-06-24,48,8
2022-05-27,435,16
2022-06-13,483,44
2022-06-24,364,96
2022-05-23,189,16
2022-03-23,91,32
2022-05-02,477,48
2022-04-08,129,32
2022-03-28,380,64
2022-03-14,7,48
2022-07-11,231,32
2022-04-25,188,96
2022-07-11,231,32
2022-05-09,447,16
2022-07-25,137,128
2022-07-18,221,64
2022-03-11,63,32
2022-03-01,367,18
2022-03-29,33,32
2022-05-23,389,16
2022-08-08,391,32
2022-05-13,329,32
2022-06-03,453,20
2022-06-27,403,64
2022-03-28,205,32
2022-06-27,375,32
2022-05-20,398,64
2022-03-14,405,8
2022-07-25,61,32
2022-04-22,432,128
2022-08-12,181,48
2022-06-24,45,32
2022-05-23,484,16
2022-07-04,228,48
2022-03-21,385,16
2022-02-18,274,80
2022-06-10,22,48
2022-03-21,4,24
2022-02-21,463,192
2022-06-27,417,64
2022-03-28,224,64
2022-05-06,241,32
2022-06-17,464,32
2022-08-15,44,16
2022-04-08,212,96
2022-07-11,440,48
2022-05-30,173,32
2022-07-04,399,8
2022-07-04,189,16
2022-05-13,272,64
2022-06-20,487,16
2022-03-24,98,16
2022-05-16,196,32
2022-06-20,7,16
2022-06-24,183,20
2022-04-04,471,1
2022-07-01,398,48
2022-05-23,346,16
2022-06-17,420,32
2022-06-10,183,20
2022-05-09,117,32
2022-04-04,330,32
2022-06-17,350,16
2022-03-14,180,96
2022-07-18,354,32
2022-06-17,322,16
2022-07-18,417,96
2022-06-17,134,20
2022-04-11,25,64
2022-05-16,460,16
2022-07-04,106,16
2022-06-03,221,64
2022-05-09,110,16
2022-06-17,22,32
2022-04-19,62,96
2022-08-12,73,20
2022-05-16,354,112
2022-06-24,186,32
2022-07-11,356,16
2022-06-07,356,16
2022-05-09,430,48
2022-08-12,247,16
2022-08-15,308,16
2022-06-27,224,64
2022-06-13,445,32
2022-05-23,470,16
2022-04-01,21,32
2022-06-17,198,35
2022-07-11,81,16
2022-04-22,198,64
2022-08-15,188,32
2022-04-01,247,48
2022-04-25,230,16
2022-04-20,300,32
2022-04-08,488,16
2022-05-16,81,80
2022-07-01,272,48
2022-05-30,373,8
2022-06-07,132,48
2022-07-11,358,16
2022-07-08,13,16
2022-07-15,153,20
2022-05-13,98,16
2022-07-22,73,20
2022-06-17,109,20
2022-05-16,368,48
2022-07-11,49,96
2022-08-12,180,112
2022-06-24,349,40
2022-06-24,478,16
2022-05-27,21,7
2022-07-25,411,64
2022-07-25,324,16
2022-08-08,345,64
2022-07-18,260,32
2022-06-24,6,64
2022-05-13,259,16
2022-06-17,99,20
2022-07-11,437,80
2022-05-02,460,16
2022-06-27,156,16
2022-08-12,125,16
2022-05-06,322,32
2022-06-03,476,96
2022-06-27,41,16
2022-06-20,447,16
2022-08-12,364,64
2022-08-08,297,64
2022-05-27,245,16
2022-06-27,309,16
2022-08-12,198,32
2022-06-20,3,16
2022-03-07,483,16
2022-06-17,212,128
2022-06-07,137,64
2022-07-15,34,60
2022-06-20,89,16
2022-06-07,59,48
2022-07-08,215,20
2022-06-13,39,16
2022-05-06,13,32
2022-06-24,98,16
2022-02-24,201,32
2022-05-02,87,32
2022-05-16,228,96
2022-05-06,378,16
2022-06-27,260,32
2022-04-11,246,64
2022-06-13,388,16
2022-07-11,228,48
2022-07-11,346,16
2022-05-23,102,64
2022-06-13,309,16
2022-02-24,255,16
2022-04-04,410,32
2022-06-20,219,16
2022-04-20,300,32
2022-04-11,341,48
2022-08-15,24,32
2022-05-02,260,32
2022-04-04,279,96
2022-04-19,327,1
2022-06-27,62,128
2022-05-30,107,8
2022-02-18,68,96
2022-03-14,105,64
2022-05-27,209,16
2022-06-10,387,16
2022-07-01,212,48
2022-06-17,214,48
2022-06-17,350,16
2022-08-15,260,96
2022-04-15,364,64
2022-05-16,447,32
2022-06-17,284,16
2022-06-13,430,16
2022-07-25,239,32
2022-06-27,411,32
2022-06-17,268,48
2022-08-12,305,16
2022-03-28,224,64
2022-06-10,55,20
2022-04-08,212,64
2022-07-04,110,62
2022-08-12,29,80
2022-03-28,97,8
2022-03-21,67,32
2022-05-02,188,128
2022-03-14,452,32
2022-08-15,276,1
2022-05-30,36,16
2022-03-28,421,16
2022-03-21,382,32
2022-05-27,376,16
2022-08-01,431,96
2022-02-28,79,128
2022-08-15,120,16
2022-06-07,423,128
2022-03-28,429,16
2022-05-16,14,32
2022-05-06,259,16
2022-05-13,98,16
2022-06-13,237,16
2022-04-11,36,48
2022-06-03,327,41
2022-07-04,368,16
2022-06-27,239,32
2022-08-01,92,16
2022-03-29,117,48
2022-05-06,130,32
2022-04-25,49,144
2022-07-11,157,16
2022-05-16,89,80
2022-06-07,372,32
2022-07-01,338,32
2022-07-25,59,112
2022-03-28,104,32
2022-08-01,460,8
2022-08-12,100,32
2022-02-28,110,48
2022-05-09,97,8
2022-03-09,246,128
2022-07-22,384,20
2022-04-04,282,1
2022-08-15,421,32
2022-06-27,287,32
2022-05-09,91,64
2022-06-07,319,128
2022-07-11,101,16
2022-05-30,3,16
2022-04-11,237,80
2022-05-27,338,16
2022-06-13,368,16
2022-04-15,256,16
2022-05-27,398,16
2022-04-19,84,1
2022-06-17,45,128
2022-04-15,21,32
2022-05-20,405,48
2022-04-25,188,128
2022-07-25,313,32
2022-06-27,210,16
2022-05-09,64,16
2022-04-01,339,96
2022-06-20,433,32
2022-06-17,209,32
2022-03-21,184,32
2022-06-10,473,20
2022-05-30,164,16
2022-07-04,316,32
2022-06-10,294,8
2022-08-08,279,64
2022-06-24,322,16
2022-07-25,433,16
2022-06-20,62,128
2022-06-27,76,16
2022-07-25,348,64
2022-08-15,485,32
2022-08-05,215,20
2022-08-15,368,64
2022-04-08,425,16
2022-05-16,341,32
2022-03-14,189,32
2022-03-21,6,64
2022-06-03,69,80
2022-03-14,228,96
2022-02-28,247,32
2022-05-20,459,32
2022-05-30,263,1
2022-07-11,164,16
2022-06-27,137,96
2022-03-21,300,32
2022-05-16,336,192
2022-04-08,234,32
2022-05-13,21,32
2022-07-25,61,32
2022-03-25,361,32
2022-04-25,363,32
2022-08-05,402,20
2022-05-30,59,52
2022-07-18,431,96
2022-07-11,419,16
2022-06-13,390,16
2022-06-27,17,16
2022-03-09,437,83
2022-07-01,98,14
2022-08-15,308,16
2022-04-11,41,128
2022-03-28,92,16
2022-07-15,55,20
2022-05-16,367,48
2022-08-12,209,16
2022-04-29,295,32
2022-05-09,156,96
2022-05-27,459,32
2022-06-27,354,32
2022-06-27,369,16
2022-07-11,309,16
2022-07-08,29,32
2022-08-12,183,20
2022-03-17,98,16
2022-04-19,151,112
2022-06-27,143,32
2022-05-13,230,16
2022-08-15,317,16
2022-05-09,112,16
2022-05-30,299,16
2022-08-01,143,32
2022-04-25,414,32
2022-08-15,308,16
2022-06-13,375,32
2022-07-04,237,16
2022-04-08,15,32
2022-07-01,80,20
2022-05-16,445,32
2022-07-22,111,20
2022-05-20,130,16
2022-06-10,306,16
2022-04-25,487,32
2022-05-20,98,16
2022-06-20,237,16
2022-06-17,395,20
2022-04-04,493,1
2022-08-08,313,32
2022-05-09,417,128
2022-06-03,180,32
2022-05-02,458,64
2022-06-20,164,16
2022-07-04,164,16
2022-03-24,98,16
2022-03-07,355,24
2022-04-29,409,32
2022-08-15,278,64
2022-06-27,137,96
2022-05-09,265,32
2022-06-27,375,32
2022-07-01,384,20
2022-07-04,417,32
2022-04-19,441,1
2022-08-12,401,32
2022-02-16,113,80
2022-05-27,98,16
2022-08-12,212,64
2022-05-16,330,32
2022-05-16,346,32
2022-07-01,138,16
2022-05-09,104,90
2022-07-04,156,16
2022-05-30,192,16
2022-06-20,172,128
2022-06-07,346,16
2022-04-19,40,64
2022-05-20,98,16
2022-05-06,459,48
2022-05-16,304,48
2022-06-27,137,64
2022-05-16,440,112
2022-08-05,134,20
2022-06-24,149,16
2022-04-20,297,64
2022-05-02,446,1
2022-04-04,382,64
2022-05-09,30,32
2022-06-07,105,32
2022-06-13,91,64
2022-06-10,181,128
2022-05-02,316,32
2022-03-14,246,128
2022-02-25,381,32
2022-07-11,289,16
2022-06-10,377,16
2022-06-13,431,96
2022-05-27,489,32
2022-03-21,300,96
2022-04-08,130,32
2022-03-23,91,32
2022-05-16,39,16
2022-05-30,356,16
2022-07-11,283,16
2022-06-07,26,1
2022-03-03,278,80
2022-03-23,297,128
2022-03-21,481,80
2022-08-15,83,16
2022-06-20,433,32
2022-04-19,415,16
2022-06-13,297,64
2022-05-27,138,16
2022-03-14,79,181
2022-04-11,227,32
2022-03-28,289,16
2022-02-28,176,8
2022-05-02,372,32
2022-07-01,350,16
2022-06-07,194,100
2022-04-01,170,32
2022-06-27,431,96
2022-07-01,306,32
2022-06-10,215,60
2022-03-28,224,64
2022-03-28,119,32
2022-08-15,116,16
2022-05-09,131,80
2022-06-17,323,9
2022-05-20,488,16
2022-03-21,428,96
2022-05-09,304,32
2022-06-20,145,16
2022-06-07,219,16
2022-06-24,351,60
2022-07-11,185,32
2022-03-28,375,64
2022-02-18,138,32
2022-05-23,184,16
2022-05-27,350,16
2022-06-27,418,1
2022-07-18,309,16
2022-05-13,20,64
2022-06-24,98,16
2022-05-27,305,16
2022-05-27,29,32
2022-04-11,156,112
2022-05-20,220,16
2022-07-11,102,32
2022-06-20,260,32
2022-05-20,288,32
2022-05-23,83,32
2022-08-15,469,16
2022-05-30,415,64
2022-04-01,439,32
2022-07-25,172,32
2022-04-22,86,32
2022-07-11,231,13
2022-06-13,287,32
2022-06-13,404,32
2022-05-09,185,96
2022-06-03,287,32
2022-06-07,239,16
2022-05-16,126,32
2022-03-28,83,48
2022-08-12,478,32
2022-06-27,143,16
2022-04-01,329,48
2022-02-18,6,64
2022-05-16,51,16
2022-03-07,421,64
2022-06-27,428,80
2022-03-21,91,63
2022-04-22,284,16
2022-06-27,24,32
2022-06-17,256,48
2022-06-27,96,32
2022-04-08,204,16
2022-06-27,253,48
2022-04-11,40,64
2022-07-04,360,16
2022-08-15,397,16
2022-07-11,336,80
2022-03-21,347,64
2022-03-14,133,64
2022-06-07,165,16
2022-06-27,95,16
2022-05-06,4,16
2022-05-02,95,16
2022-06-24,339,64
2022-07-18,307,16
2022-04-29,6,64
2022-02-17,278,128
2022-06-17,350,16
2022-05-02,27,1
2022-03-28,199,32
2022-07-11,89,16
2022-03-14,29,64
2022-07-04,219,16
2022-06-10,314,16
2022-03-07,316,32
2022-07-11,337,32
2022-07-01,186,48
2022-06-07,145,16
2022-05-09,346,16
2022-03-03,387,32
2022-07-08,350,16
2022-05-09,3,16
2022-06-10,214,32
2022-04-08,387,64
2022-05-09,120,48
2022-06-17,332,32
2022-07-04,430,16
2022-06-27,240,32
2022-08-01,260,128
2022-05-30,371,1
2022-02-22,234,56
2022-06-27,92,16
2022-06-20,151,28
2022-04-15,247,32
2022-08-05,436,40
2022-06-17,438,16
2022-07-01,50,32
2022-06-13,278,128
2022-06-20,465,16
2022-06-17,305,16
2022-03-14,339,64
2022-07-01,249,16
2022-07-18,114,16
2022-08-12,6,32
2022-03-21,367,48
2022-03-14,202,16
2022-05-02,257,1
2022-06-27,119,16
2022-06-13,297,64
2022-04-22,483,16
2022-06-17,171,20
2022-05-23,105,32
2022-07-08,180,32
2022-06-13,145,16
2022-06-13,126,16
2022-06-03,199,32
2022-03-21,251,80
2022-04-19,296,1
2022-04-19,392,1
2022-07-18,237,16
2022-04-19,8,1
2022-06-13,270,16
2022-05-27,6,112
2022-05-09,60,16
2022-06-27,137,96
2022-03-21,437,122
2022-04-01,422,64
2022-07-29,111,20
2022-06-07,89,16
2022-05-16,60,32
2022-05-09,202,16
2022-04-25,463,96
2022-07-25,345,32
2022-06-17,476,96
2022-03-14,460,32
2022-03-28,112,64
2022-05-30,405,48
2022-05-02,143,32
2022-05-27,197,16
2022-03-14,62,8
2022-06-13,405,112
2022-03-14,409,32
2022-08-15,227,63
2022-05-23,237,16
2022-03-17,98,16
2022-04-08,186,64
2022-03-29,33,32
2022-06-07,176,10
2022-03-21,463,128
2022-06-07,304,16
2022-06-17,494,16
2022-03-28,394,32
2022-04-29,435,32
2022-03-21,483,16
2022-06-20,184,16
2022-06-13,112,16
2022-04-04,201,16
2022-05-09,70,16
2022-06-17,113,16
2022-06-24,407,20
2022-05-30,260,128
2022-04-11,335,48
2022-06-17,5,16
2022-04-15,311,48
2022-05-27,468,5
2022-06-24,473,20
2022-08-01,372,32
2022-03-28,421,104
2022-06-24,424,20
2022-06-17,55,40
2022-07-11,337,32
2022-03-28,462,64
2022-04-25,259,48
2022-07-04,492,16
2022-06-13,207,32
2022-04-04,410,32
2022-05-30,120,96
2022-03-07,182,48
2022-07-11,415,16
2022-07-25,411,64
2022-07-04,277,32
2022-07-11,333,128
2022-05-20,212,96
2022-06-20,92,48
2022-02-28,413,24
2022-06-10,456,16
2022-06-17,162,112
2022-06-03,205,48
2022-03-11,47,112
2022-06-24,205,16
2022-06-10,6,32
2022-08-15,426,7
2022-06-07,189,16
2022-04-01,291,32
2022-04-01,38,16
2022-02-23,400,64
2022-05-30,260,80
2022-07-25,61,32
2022-03-21,428,64
2022-08-08,143,32
2022-06-24,269,32
2022-08-12,57,16
2022-07-22,327,20
2022-06-17,334,13
2022-03-14,431,128
2022-07-11,210,16
2022-05-09,41,32
2022-07-29,402,20
2022-07-18,239,16
2022-03-21,150,16
2022-04-04,308,16
2022-07-01,327,80
2022-05-09,177,16
2022-04-29,347,32
2022-06-10,451,20
2022-07-01,134,20
2022-07-08,15,16
2022-08-12,22,16
2022-05-30,166,16
2022-08-12,306,16
2022-04-11,307,48
2022-03-24,98,16
2022-08-08,221,32
2022-05-09,482,16
2022-07-01,121,16
2022-04-08,273,16
2022-06-20,25,16
2022-04-08,130,16
2022-04-01,364,64
2022-06-27,59,64
2022-06-17,328,32
2022-03-03,98,32
2022-07-11,231,32
2022-04-19,83,32
2022-05-20,311,64
2022-05-16,72,32
2022-08-15,11,63
2022-06-17,223,32
2022-08-12,329,16
2022-05-27,134,20
2022-07-11,333,32
2022-07-18,239,32
2022-07-11,147,16
2022-04-08,342,96
2022-06-27,19,3
2022-07-08,146,20
2022-06-24,103,32
2022-05-16,7,64
2022-07-04,165,16
2022-04-25,18,80
2022-06-13,62,80
2022-03-28,126,32
2022-03-01,477,160
2022-07-25,324,16
2022-06-27,237,16
2022-06-20,143,32
2022-02-23,322,48
2022-07-11,137,48
2022-06-10,422,32
2022-05-27,311,30
2022-04-08,483,16
2022-06-24,94,16
2022-08-01,49,96
2022-04-25,411,64
2022-04-19,479,1
2022-06-20,63,32
2022-05-02,143,64
2022-07-18,95,16
2022-07-01,256,32
2022-08-15,177,16
2022-06-27,39,16
2022-05-27,191,48
2022-05-18,481,96
2022-04-25,414,32
2022-05-23,33,16
2022-05-09,9,8
2022-07-04,309,16
2022-06-27,430,16
2022-04-25,411,64
2022-07-25,415,16
2022-04-22,22,64
2022-05-09,316,32
2022-03-28,108,16
2022-06-27,411,128
2022-04-20,331,16
2022-05-27,68,16
2022-03-07,421,64
2022-06-27,108,32
2022-04-11,278,96
2022-04-08,468,64
2022-02-28,440,32
2022-04-08,364,96
2022-07-11,358,32
2022-06-13,433,32
2022-06-17,329,14
2022-06-27,369,32
2022-07-25,375,32
2022-04-08,20,64
2022-06-13,279,32
2022-02-24,300,128
2022-07-04,193,80
2022-02-23,41,96
2022-05-30,260,128
2022-05-30,394,4
2022-06-07,152,16
2022-05-30,485,32
2022-07-11,358,16
2022-07-18,346,16
2022-07-01,314,32
2022-03-07,421,64
2022-03-29,239,80
2022-05-30,119,16
2022-05-27,269,1
2022-05-06,401,64
2022-06-20,299,16
2022-06-10,100,32
2022-04-04,308,32
2022-07-04,62,128
2022-05-30,202,16
2022-06-10,453,20
2022-06-13,219,16
2022-05-23,361,64
2022-06-07,79,32
2022-02-23,314,64
2022-03-21,29,64
2022-08-12,215,40
2022-07-04,59,32
2022-06-03,416,48
2022-05-06,483,16
2022-05-23,279,64
2022-05-02,357,32
2022-06-27,49,32
2022-06-07,66,87
2022-06-07,433,16
2022-08-15,469,16
2022-05-30,330,24
2022-07-04,7,16
2022-06-20,262,32
2022-04-22,100,48
2022-04-08,218,16
2022-05-09,63,32
2022-07-18,299,16
2022-08-05,351,20
2022-07-04,126,32
2022-05-27,268,20
2022-07-22,254,20
2022-02-28,66,10
2022-04-22,311,64
2022-08-12,351,60
2022-03-14,104,32
2022-06-10,438,16
2022-05-02,0,1
2022-05-30,140,1
2022-05-16,390,32
2022-04-22,269,32
2022-05-30,433,32
2022-06-13,131,16
2022-07-11,206,80
2022-06-07,375,32
2022-06-27,348,16
2022-03-07,145,32
2022-08-01,49,96
2022-05-20,45,32
2022-05-27,328,32
2022-04-11,226,80
2022-07-01,353,16
2022-04-04,92,32
2022-04-01,311,32
2022-08-12,170,16
2022-06-07,131,16
2022-08-15,195,16
2022-07-11,361,32
2022-06-13,375,32
2022-06-27,346,16
2022-06-27,174,16
2022-07-22,450,20
2022-08-01,372,48
2022-07-25,260,128
2022-03-03,218,16
2022-06-17,350,16
2022-04-08,204,128
2022-07-04,389,16
2022-07-18,119,16
2022-03-07,169,24
2022-08-01,324,16
2022-06-27,307,16
2022-08-12,146,20
2022-05-30,147,16
2022-06-27,137,128
2022-03-07,328,24
2022-07-01,98,16
2022-08-15,173,64
2022-08-05,473,20
2022-06-17,377,16
2022-07-25,49,96
2022-06-10,4,16
2022-06-27,239,48
2022-04-04,40,32
2022-05-30,95,32
2022-08-08,391,32
2022-07-25,287,32
2022-07-11,283,16
2022-04-19,41,128
2022-03-28,333,128
2022-06-27,49,80
2022-08-15,375,48
2022-04-19,316,32
2022-07-11,105,80
2022-06-07,144,16
2022-07-15,233,80
2022-03-28,434,32
2022-03-03,198,32
2022-06-07,403,11
2022-07-18,1,16
2022-07-01,377,16
2022-04-11,465,64
2022-03-28,256,16
2022-06-10,169,16
2022-08-12,153,40
2022-08-15,12,16
2022-02-22,120,102
2022-08-15,219,16
2022-08-05,171,20
2022-06-07,190,1
2022-03-17,98,16
2022-03-07,70,16
2022-04-25,207,32
2022-07-04,308,16
2022-08-12,52,32
2022-08-01,431,64
2022-06-10,416,80
2022-07-08,362,32
2022-05-20,98,16
2022-04-11,394,96
2022-07-08,350,16
2022-02-18,116,64
2022-04-19,95,16
2022-06-03,13,16
2022-04-04,230,8
2022-08-12,420,16
2022-03-28,428,96
2022-04-04,279,64
2022-08-12,254,20
2022-03-07,143,16
2022-06-13,354,32
2022-05-23,309,16
2022-05-20,98,16
2022-07-08,347,32
2022-07-04,393,32
2022-06-27,91,16
2022-05-02,372,32
2022-06-27,166,48
2022-07-08,153,20
2022-07-11,410,48
2022-03-07,106,32
2022-05-27,327,40
2022-05-16,470,32
2022-07-25,475,64
2022-03-23,313,32
2022-07-04,47,16
2022-04-19,397,32
2022-05-02,423,64
2022-02-24,226,128
2022-03-14,173,64
2022-06-20,363,32
2022-03-07,117,32
2022-07-01,34,80
2022-07-11,173,48
2022-07-18,189,16
2022-06-27,411,64
2022-07-15,448,40
2022-06-20,206,16
2022-05-27,424,40
2022-03-28,401,64
2022-07-04,3,16
2022-03-21,463,128
2022-08-15,297,64
2022-07-04,484,16
2022-06-24,162,64
2022-08-15,297,32
2022-03-31,98,16
2022-08-15,419,46
2022-08-15,260,80
2022-03-08,91,32
2022-06-24,378,16
2022-04-29,149,32
2022-05-09,228,64
2022-07-25,172,64
2022-05-02,359,1
2022-08-01,331,32
2022-07-11,317,16
2022-07-01,223,16
2022-05-13,198,64
2022-08-08,463,96
2022-03-28,92,16
2022-07-04,346,16
2022-06-27,105,32
2022-07-15,349,20
2022-05-20,186,32
2022-06-17,149,9
2022-07-01,170,32
2022-04-29,10,48
2022-02-23,438,32
2022-06-17,350,14
2022-03-31,98,16
2022-05-27,422,32
2022-07-04,120,48
2022-03-14,65,96
2022-08-15,458,80
2022-06-24,450,20
2022-05-23,96,32
2022-08-08,463,96
2022-03-21,52,32
2022-07-18,274,16
2022-04-20,331,32
2022-04-11,105,112
2022-05-16,410,16
2022-07-01,52,16
2022-07-11,231,48
2022-07-25,137,96
2022-08-15,404,48
2022-05-30,87,48
2022-08-08,297,64
2022-05-27,233,100
2022-06-27,410,16
2022-05-23,274,16
2022-07-04,51,16
2022-04-04,303,16
2022-07-29,55,20
2022-04-08,20,64
2022-07-18,164,16
2022-03-03,425,16
2022-07-01,450,20
2022-06-20,91,64
2022-04-04,460,16
2022-08-01,172,32
2022-07-04,433,32
2022-07-18,375,32
2022-02-24,98,32
2022-06-07,375,32
2022-08-15,274,32
2022-08-12,94,16
2022-03-07,147,32
2022-05-09,192,16
2022-06-27,411,96
2022-05-23,96,48
2022-07-04,202,48
2022-08-15,47,48
2022-08-05,442,20
2022-06-27,348,32
2022-04-15,103,32
2022-04-01,234,48
2022-07-25,137,64
2022-04-01,328,32
2022-06-03,97,32
2022-06-17,380,64
2022-06-10,146,20
2022-03-09,180,96
2022-06-17,349,40
2022-08-08,221,32
2022-08-01,330,16
2022-07-11,124,16
2022-03-21,138,16
2022-03-18,317,32
2022-05-30,270,16
2022-05-27,395,20
2022-07-04,458,27
2022-02-22,291,24
2022-03-14,380,64
2022-04-08,86,32
2022-06-20,404,48
2022-04-19,295,40
2022-07-11,47,16
2022-08-15,237,64
2022-06-13,3,16
2022-05-13,62,64
2022-04-01,314,32
2022-04-11,51,48
2022-07-11,112,16
2022-06-07,49,64
2022-08-12,387,16
2022-06-20,189,16
2022-05-09,437,128
2022-06-27,352,16
2022-05-30,56,1
2022-02-23,199,128
2022-03-14,6,64
2022-05-27,464,20
2022-06-27,188,96
2022-05-16,1,16
2022-03-28,79,96
2022-03-14,113,32
2022-05-30,352,16
2022-06-27,120,16
2022-05-09,77,32
2022-05-23,202,16
2022-08-15,228,48
2022-04-08,455,32
2022-06-24,402,20
2022-08-12,97,48
2022-05-30,112,16
2022-06-20,397,16
2022-05-30,157,16
2022-05-30,59,64
2022-08-15,309,2
2022-05-09,279,16
2022-07-11,358,32
2022-05-30,237,16
2022-06-20,37,20
2022-06-07,72,16
2022-07-18,304,16
2022-06-20,333,48
2022-05-09,72,16
2022-05-30,131,16
2022-03-24,98,16
2022-06-10,209,16
2022-04-25,185,96
2022-03-14,377,48
2022-04-08,212,32
2022-05-06,350,16
2022-07-25,433,32
2022-03-03,198,48
2022-04-25,10,40
2022-04-19,7,64
2022-02-17,185,64
2022-03-07,434,80
2022-06-17,291,16
2022-04-08,20,64
2022-03-24,98,16
2022-04-11,185,64
2022-04-08,334,32
2022-05-30,226,16
2022-04-08,130,64
2022-05-27,57,32
2022-07-04,221,48
2022-03-21,207,16
2022-06-13,36,16
2022-06-17,100,48
2022-04-29,187,16
2022-06-17,169,16
2022-07-01,45,48
2022-06-17,212,32
2022-04-25,472,16
2022-07-04,287,32
2022-05-06,205,32
2022-07-18,61,16
2022-03-28,421,48
2022-06-27,49,96
2022-06-27,361,48
2022-04-22,385,32
2022-04-29,259,16
2022-08-08,221,32
2022-06-07,202,16
2022-05-02,127,48
2022-03-11,47,32
2022-07-01,215,40
2022-05-27,473,20
2022-03-10,98,16
2022-06-03,109,20
2022-06-03,252,32
2022-08-01,431,64
2022-06-07,185,7
2022-06-20,393,32
2022-06-03,221,32
2022-03-28,339,96
2022-06-27,203,1
2022-07-08,103,32
2022-06-07,158,93
2022-03-25,228,144
2022-07-18,3,16
2022-06-27,63,16
2022-08-15,308,16
2022-02-28,18,64
2022-08-15,88,1
2022-04-29,121,16
2022-07-01,198,32
2022-06-20,417,32
2022-03-28,142,32
2022-07-22,436,40
2022-07-04,299,16
2022-07-01,199,32
2022-08-05,424,20
2022-06-27,227,16
2022-07-01,264,20
2022-05-23,310,16
2022-05-30,419,16
2022-06-07,433,32
2022-08-15,157,32
2022-06-07,237,16
2022-06-17,57,16
2022-05-20,6,64
2022-07-04,177,16
2022-08-15,437,128
2022-07-11,157,64
2022-06-10,429,16
2022-06-10,29,16
2022-07-04,394,32
2022-04-11,253,64
2022-05-13,212,128
2022-06-27,310,16
2022-04-19,445,32
2022-06-20,309,16
2022-06-07,1,16
2022-08-01,369,32
2022-07-04,64,16
2022-06-17,379,32
2022-06-27,270,16
2022-07-01,20,32
2022-08-08,279,32
2022-05-02,403,64
2022-02-24,174,28
2022-04-19,403,128
2022-03-21,481,112
2022-02-17,385,16
2022-02-25,151,64
2022-06-20,477,48
2022-06-10,86,16
2022-06-27,308,16
2022-08-12,322,16
2022-04-15,329,32
2022-03-21,79,96
2022-04-01,432,64
2022-07-11,477,128
2022-05-16,299,32
2022-02-28,438,26
2022-07-01,326,16
2022-06-27,475,96
2022-05-16,85,16
2022-06-27,92,16
2022-06-13,259,48
2022-08-12,402,20
2022-07-11,337,16
2022-05-16,225,16
2022-03-17,350,16
2022-05-30,368,16
2022-08-12,422,16
2022-05-06,169,16
2022-03-21,460,32
2022-07-08,364,64
2022-05-06,398,32
2022-04-15,223,32
2022-03-21,472,15
2022-04-07,101,16
2022-08-15,93,13
2022-07-01,311,32
2022-06-20,403,64
2022-06-17,249,16
2022-04-29,256,16
2022-03-23,297,80
2022-08-08,95,16
2022-07-11,283,16
2022-05-02,298,32
2022-05-13,162,64
2022-04-22,459,64
2022-06-10,400,16
2022-06-13,307,16
2022-04-11,210,64
2022-06-10,459,16
2022-06-24,146,20
2022-08-15,131,38
2022-07-11,36,16
2022-06-17,98,16
2022-04-08,212,96
2022-06-20,310,16
2022-05-02,253,64
2022-06-10,252,48
2022-08-05,183,40
2022-07-01,373,16
2022-07-11,227,16
2022-08-15,260,128
2022-08-08,188,16
2022-05-23,63,32
2022-02-28,98,32
2022-03-21,95,16
2022-08-08,287,32
2022-04-08,212,32
2022-06-07,59,64
2022-06-27,419,16
2022-07-11,36,64
2022-06-20,356,16
2022-05-16,148,16
2022-05-27,322,16
2022-06-17,122,16
2022-08-12,268,16
2022-05-02,41,32
2022-06-13,105,32
2022-08-15,340,8
2022-06-24,448,60
2022-08-12,432,32
2022-04-25,207,48
2022-07-04,295,128
2022-06-20,482,16
2022-04-04,106,16
2022-07-11,231,32
2022-08-15,356,48
2022-06-24,111,20
2022-05-27,15,32
2022-07-25,77,32
2022-04-11,148,32
2022-06-27,112,16
2022-05-02,115,1
2022-05-02,250,1
2022-06-17,97,64
2022-08-08,188,64
2022-06-20,354,32
2022-07-11,358,32
2022-06-07,492,16
2022-08-12,429,16
2022-06-27,415,16
2022-05-20,295,48
2022-06-27,335,16
2022-04-22,191,32
2022-06-07,454,15
2022-07-15,436,40
2022-03-07,300,64
2022-02-23,278,80
2022-03-10,167,16
2022-06-13,41,16
2022-05-20,230,16
2022-07-25,33,48
2022-06-17,52,16
2022-06-10,468,16
2022-07-18,59,32
2022-07-11,188,16
2022-04-25,472,16
2022-07-01,400,32
2022-06-10,362,16
2022-05-13,468,64
2022-08-05,69,20
2022-04-08,288,32
2022-04-01,400,32
2022-05-23,61,48
2022-08-15,308,32
2022-03-29,117,16
2022-03-14,238,16
2022-05-23,72,16
2022-05-23,25,16
2022-06-13,394,16
2022-06-03,181,48
2022-07-18,81,16
2022-08-15,185,48
2022-08-05,349,20
2022-02-18,3,40
2022-07-18,221,32
2022-05-02,260,128
2022-06-20,307,16
2022-02-18,299,32
2022-08-15,115,8
2022-02-25,300,48
2022-07-15,99,20
2022-07-29,318,20
2022-06-24,139,64
2022-07-18,324,32
2022-08-15,23,8
2022-06-27,308,16
2022-06-07,67,128
2022-07-18,313,16
2022-07-11,403,32
2022-05-09,16,16
2022-06-27,64,16
2022-07-25,143,32
2022-05-02,399,1
2022-06-10,248,20
2022-06-24,181,64
2022-05-30,62,64
2022-06-13,144,16
2022-04-04,33,31
2022-06-13,81,16
2022-05-23,91,32
2022-06-20,49,128
2022-08-15,277,64
2022-06-24,435,16
2022-07-18,25,16
2022-08-15,421,32
2022-05-06,98,16
2022-08-15,123,1
2022-08-15,151,32
2022-05-23,78,16
2022-05-23,96,64
2022-05-27,332,16
2022-06-27,348,16
2022-03-28,260,128
2022-07-22,443,20
2022-05-09,470,16
2022-06-07,136,16
2022-04-19,153,1
2022-06-03,34,100
2022-06-17,476,128
2022-05-27,347,16
2022-07-11,358,16
2022-06-27,24,32
2022-06-24,311,64
2022-06-13,375,32
2022-06-27,348,16
2022-07-08,268,32
2022-03-31,98,16
2022-07-11,127,16
2022-06-17,218,16
2022-08-12,314,16
2022-07-11,337,32
2022-03-14,378,32
2022-08-15,91,32
2022-05-02,211,1
2022-06-27,308,32
2022-03-21,246,128
2022-03-21,432,112
2022-05-02,266,1
2022-05-16,277,64
2022-05-16,141,80
2022-06-24,416,48
2022-03-07,199,64
2022-06-07,484,16
2022-06-27,341,16
2022-04-08,186,64
2022-02-24,166,16
2022-07-25,188,64
2022-04-04,278,128
2022-05-27,439,16
2022-08-08,391,16
2022-03-17,421,16
2022-06-17,478,32
2022-07-25,61,64
2022-06-10,486,20
2022-06-20,36,16
2022-06-27,369,32
2022-06-07,354,32
2022-06-27,411,96
2022-06-27,16,16
2022-07-18,368,16
2022-08-15,192,16
2022-08-05,384,20
2022-07-01,149,32
2022-04-08,387,32
2022-07-04,145,16
2022-05-30,404,128
2022-05-06,350,16
2022-08-15,308,32
2022-05-06,138,16
2022-06-17,416,112
2022-03-04,313,32
2022-05-30,379,8
2022-07-04,433,16
2022-04-20,313,16
2022-07-08,212,48
2022-05-30,16,16
2022-05-02,228,64
2022-05-20,22,32
2022-06-13,299,16
2022-05-23,393,32
2022-03-28,53,32
2022-07-18,177,16
2022-04-11,389,48
2022-07-04,148,48
2022-06-13,356,16
2022-06-27,274,16
2022-04-22,103,32
2022-03-04,463,96
2022-05-16,124,16
2022-07-18,36,16
2022-05-16,219,32
2022-03-21,378,32
2022-07-18,59,32
2022-07-01,318,20
2022-05-18,251,64
2022-06-13,7,16
2022-08-15,49,64
2022-06-07,3,16
2022-06-24,97,32
2022-07-01,139,32
2022-08-15,85,16
2022-07-15,111,20
2022-05-27,9,8
2022-06-27,239,32
2022-06-24,486,20
2022-07-08,350,16
2022-05-09,361,32
2022-06-20,49,80
2022-07-01,321,40
2022-04-22,429,32
2022-07-01,448,60
2022-06-27,433,32
2022-07-11,292,16
2022-07-08,476,64
2022-08-01,143,32
2022-07-04,119,16
2022-07-18,193,64
2022-07-25,433,48
2022-06-27,71,1
2022-03-28,53,32
2022-05-09,310,32
2022-07-12,350,6
2022-05-06,20,64
2022-05-27,452,16
2022-05-23,177,16
2022-07-11,219,16
2022-06-20,156,16
2022-03-21,435,32
2022-02-21,459,64
2022-05-02,260,128
2022-08-15,266,8
2022-07-15,450,20
2022-02-25,53,32
2022-05-23,299,16
2022-07-18,108,32
2022-03-03,488,16
2022-05-16,430,80
2022-05-16,79,64
2022-07-04,83,16
2022-04-11,192,16
2022-04-19,448,1
2022-03-11,47,32
2022-03-25,290,16
2022-05-02,41,128
2022-07-08,69,40
2022-05-30,156,16
2022-07-18,51,16
2022-07-01,57,32
2022-03-04,401,64
2022-08-08,279,64
2022-06-24,398,48
2022-08-15,421,32
2022-06-10,439,16
2022-04-15,319,32
2022-05-02,491,1
2022-07-04,440,16
2022-07-25,372,48
2022-06-07,25,16
2022-05-23,165,16
2022-07-08,438,16
2022-04-08,194,32
2022-05-09,463,96
2022-03-28,108,16
2022-08-12,323,16
2022-07-25,345,64
2022-04-01,355,16
2022-08-15,297,48
2022-05-02,188,32
2022-08-12,163,7
2022-05-13,338,16
2022-02-21,18,48
2022-05-23,1,16
2022-06-17,29,48
2022-08-12,448,60
2022-05-06,113,32
2022-07-11,237,16
2022-03-14,246,128
2022-04-19,185,32
2022-06-07,430,16
2022-06-17,205,32
2022-04-20,193,96
2022-06-07,319,61
2022-05-06,98,16
2022-06-27,431,96
2022-08-15,463,32
2022-07-11,356,64
2022-05-16,335,32
2022-06-13,335,16
2022-06-13,375,32
2022-03-28,53,64
2022-07-11,310,16
2022-05-06,212,96
2022-06-20,434,11
2022-06-10,322,32
2022-06-13,116,16
2022-06-10,450,20
2022-07-18,287,32
2022-06-24,98,16
2022-06-17,21,32
2022-03-07,432,128
2022-08-05,109,20
2022-03-21,300,64
2022-08-12,321,40
2022-05-20,259,16
2022-07-22,442,20
2022-04-08,45,64
2022-07-22,402,20
2022-04-25,278,32
2022-04-11,346,64
2022-06-20,148,16
2022-03-29,33,32
2022-07-18,148,16
2022-05-27,264,40
2022-06-13,59,64
2022-05-02,333,48
2022-08-12,384,20
2022-07-08,442,20
2022-03-21,253,64
2022-06-27,85,32
2022-06-03,111,60
2022-03-18,12,32
2022-07-15,134,20
2022-06-13,382,16
2022-05-23,354,32
2022-04-20,345,32
2022-08-15,391,32
2022-04-11,485,64
2022-05-09,354,80
2022-03-10,350,16
2022-07-01,181,128
2022-06-07,118,2
2022-04-04,316,32
2022-05-30,354,32
2022-07-11,156,16
2022-07-11,352,16
2022-05-23,36,16
2022-04-22,339,64
2022-07-11,428,80
2022-06-07,404,32
2022-05-30,261,32
2022-03-14,235,16
2022-06-27,61,32
2022-04-11,16,32
2022-04-25,463,96
2022-04-11,309,96
2022-05-16,484,16
2022-08-01,469,16
2022-05-27,373,8
2022-07-11,188,64
2022-08-15,114,32
2022-04-15,398,64
2022-06-20,324,32
2022-06-13,341,16
2022-05-27,407,20
2022-03-25,213,32
2022-06-10,247,16
2022-06-07,179,1
2022-04-08,129,32
2022-05-23,307,16
2022-06-27,308,32
2022-07-01,21,32
2022-07-11,231,32
2022-03-10,98,16
2022-07-04,79,48
2022-05-09,105,80
2022-06-20,278,128
2022-04-29,159,16
2022-05-16,16,16
2022-08-01,300,32
2022-03-09,297,64
2022-02-17,79,192
2022-05-02,242,1
2022-06-07,389,16
2022-07-11,390,16
2022-04-22,328,32
2022-06-07,412,1
2022-03-09,437,128
2022-08-05,450,20
2022-03-14,435,32
2022-05-16,106,16
2022-03-03,129,64
2022-04-08,68,64
2022-07-25,61,64
2022-07-11,465,16
2022-03-11,47,32
2022-06-17,234,32
2022-02-18,336,96
2022-06-10,134,60
2022-07-01,98,16
2022-07-01,478,16
2022-05-16,157,32
2022-04-25,83,32
2022-06-07,137,80
2022-04-11,310,64
2022-03-03,5,32
2022-06-10,186,32
2022-05-27,256,32
2022-04-15,205,16
